exposure_id,exposure_class,approach,annual_revenue_eur,sector,pd,lgd,ead,maturity_years,collateral_type,qrre_type,default_flag
EXP0001,corporate,A-IRB,183986315.09929287,manufacturing,0.014124619132371907,0.132206534780839,15160226.394807933,4.252270115298641,financial,,0
EXP0002,corporate,F-IRB,50686177.500076815,real_estate,0.005450336950164974,0.3490224760078555,9059385.594724018,2.930182343192996,commercial_re,,0
EXP0003,corporate,A-IRB,283578006.1690068,services,0.006372987020529947,0.2973353099452856,16142726.54662074,4.541902842123246,none,,0
EXP0004,corporate,F-IRB,119980228.53598334,manufacturing,0.029952655367927565,0.2224317793723282,6408417.098506236,4.786933140474411,other_physical,,0
EXP0005,corporate,F-IRB,127668895.74147366,real_estate,0.019344986775822148,0.05531457432333473,2399876.3241786924,1.730266015028337,financial,,0
EXP0006,corporate,A-IRB,264315397.44072324,real_estate,0.008004803547082238,0.43411249540742386,3848218.6272631255,3.300716084515382,financial,,0
EXP0007,corporate,F-IRB,169089466.86955252,trade,0.025455003573227823,0.19791417844326134,5557989.48090457,1.09972665014448,none,,0
EXP0008,corporate,A-IRB,80762177.45018062,agri,0.010734578315776552,0.42944346134805755,5463440.023435939,3.21524292882493,none,,0
EXP0009,corporate,F-IRB,379261117.91110903,services,0.01019959151429495,0.09609618127014667,1359433.931259761,3.1138045983117233,commercial_re,,0
EXP0010,corporate,A-IRB,184448969.5205785,manufacturing,0.0037373493210193596,0.15137214370313506,953140.6108254377,4.202136661958136,financial,,0
EXP0011,corporate,F-IRB,288002015.11315966,real_estate,0.005667030143783033,0.06314902096383707,49686885.93299709,3.2966777207552695,commercial_re,,0
EXP0012,corporate,F-IRB,212053705.1870471,services,0.006798572683160431,0.13173877128790956,3521955.688256949,1.8388727145781103,financial,,0
EXP0013,corporate,F-IRB,202945480.32741946,services,0.009062087756585884,0.25570439027158237,4105932.258320273,2.4807802937031904,financial,,0
EXP0014,corporate,A-IRB,117565945.30776611,trade,0.008716224143216617,0.5017650477217723,17568393.584302254,2.7337630776184865,financial,,0
EXP0015,corporate,A-IRB,268151389.5143046,services,0.018567251805578645,0.45737276524224274,4565883.846619447,4.9173870187589515,other_physical,,0
EXP0016,corporate,F-IRB,234055345.07670712,agri,0.006280448359722753,0.25924746799775517,6380615.328276211,4.877053797390248,commercial_re,,0
EXP0017,corporate,F-IRB,57466533.94659219,trade,0.015771366440496558,0.5215036642543819,10756326.3842075,4.477059723800149,commercial_re,,0
EXP0018,corporate,F-IRB,171099565.9434836,trade,0.008363751621102875,0.30841812456402307,5316341.414261871,1.5402476002745478,none,,0
EXP0019,corporate,A-IRB,634334034.475531,trade,0.010029997460330592,0.13389230680885922,5039253.291268621,3.6205987949804657,financial,,0
EXP0020,corporate,A-IRB,627996572.3191329,manufacturing,0.010448873093519832,0.2866485917609406,8260972.944872736,2.388161597322405,commercial_re,,0
EXP0021,corporate,A-IRB,218282419.63728276,services,0.0043458266749855185,0.25865130628914706,11210264.988707097,4.528956300534077,commercial_re,,0
EXP0022,corporate,A-IRB,161423101.69874603,trade,0.022281286379776156,0.2902163971502332,4398774.818743813,4.668492397295591,financial,,0
EXP0023,corporate,F-IRB,155420370.84508502,real_estate,0.007977417748264855,0.5804865462020096,10221880.923305072,3.672497696170109,commercial_re,,0
EXP0024,corporate,F-IRB,382243246.34740305,manufacturing,0.014535738938586288,0.5604839912049979,4570140.436853009,4.780318237030432,none,,0
EXP0025,corporate,F-IRB,134782627.17132086,services,0.02124354517451072,0.7290403074783025,1407494.38808481,2.383465318485116,none,,0
EXP0026,corporate,A-IRB,269091107.3166081,agri,0.017825360451841233,0.3865806148644034,3712871.392948071,1.5359475132114282,commercial_re,,0
EXP0027,corporate,F-IRB,70616918.24494098,real_estate,0.008335948059946413,0.2563342635069605,13815524.500004625,2.55285261515285,financial,,0
EXP0028,corporate,A-IRB,106783200.62921534,trade,0.007691992317858579,0.40099738049227257,5261644.667395558,3.6815842476343517,commercial_re,,0
EXP0029,corporate,A-IRB,165946274.03818855,agri,0.02910493530402788,0.12409184709773853,8243777.311343248,2.427942685031659,commercial_re,,0
EXP0030,corporate,A-IRB,222098678.20023948,services,0.013377633371890336,0.334142948554376,4418103.627866398,3.11590503693858,other_physical,,0
EXP0031,corporate,A-IRB,270549434.7032068,real_estate,0.01161484440243527,0.2448037783901794,6609347.247040638,3.13161230012449,commercial_re,,0
EXP0032,corporate,F-IRB,137755662.57837406,services,0.011162929745873492,0.33663330667835567,1017195.686095809,1.5212335418003686,none,,0
EXP0033,corporate,A-IRB,62228341.147009626,trade,0.03852213406059554,0.35218205359009047,7505002.36662972,1.0681042639274438,commercial_re,,0
EXP0034,corporate,A-IRB,256645812.54719722,real_estate,0.02299393771341492,0.6440636411110431,4558568.102519784,1.4580695601762366,none,,0
EXP0035,corporate,A-IRB,108389174.23828055,services,0.00852020724316842,0.6470702348419898,3459865.8348796563,2.9737787342119577,commercial_re,,0
EXP0036,corporate,F-IRB,53902199.10327088,services,0.01705349124824929,0.4122249567830952,2640848.3017932414,4.420100005675319,other_physical,,0
EXP0037,corporate,A-IRB,300102647.9211524,manufacturing,0.007035946100063029,0.3026618010092168,2085159.7373549205,1.2401734635413302,financial,,0
EXP0038,corporate,A-IRB,105447261.19471298,agri,0.0037667247727580207,0.08440563303921488,5083016.100592889,3.350992740900631,financial,,0
EXP0039,corporate,F-IRB,187585176.53575653,real_estate,0.008545990488195916,0.4338507588187043,5272189.350936447,2.001968587847442,commercial_re,,0
EXP0040,corporate,A-IRB,385873045.00991505,services,0.07665315427755574,0.6175771149852736,10892626.451031702,2.8298096389786753,other_physical,,0
EXP0041,corporate,A-IRB,343843339.707801,services,0.011980888082245905,0.3355116759991878,2675414.580517466,4.576475927598655,financial,,0
EXP0042,corporate,F-IRB,100878409.75588284,trade,0.003185011328043178,0.2834561813953678,3845127.317994295,3.421100891862195,none,,0
EXP0043,corporate,A-IRB,214891507.3636717,services,0.007701470586834127,0.7446369370570669,7358618.904915626,3.9863798635565364,none,,0
EXP0044,corporate,A-IRB,259340177.8528782,services,0.04157668122569497,0.29062685039685743,1329784.354006512,4.3179557772087644,none,,0
EXP0045,corporate,F-IRB,122109801.356111,trade,0.015656199779617314,0.25248677548025866,14065351.973683814,2.160747423745493,financial,,0
EXP0046,corporate,A-IRB,171401563.58150053,manufacturing,0.006671227313655099,0.3608884084786443,5662061.437873074,1.0621269261300426,commercial_re,,0
EXP0047,corporate,A-IRB,443655566.6549516,manufacturing,0.006852692017790001,0.6331440365268594,5301782.886170537,1.6832298400171428,other_physical,,0
EXP0048,corporate,F-IRB,323777810.2461172,manufacturing,0.010414806416950882,0.34742935268010455,6847014.977751637,4.628292254260175,financial,,0
EXP0049,corporate,A-IRB,376952626.7424001,agri,0.0064547314864072895,0.4113788457631279,2735617.8762525967,3.5348208445165783,none,,0
EXP0050,corporate,A-IRB,103256928.4564802,real_estate,0.006751490774464128,0.41967603141979626,2063349.9228731776,2.6600204846978923,other_physical,,0
EXP0051,corporate,F-IRB,180387711.44536573,trade,0.013782744227340757,0.5961887588871482,10169419.427004708,1.5566470248472215,other_physical,,0
EXP0052,corporate,F-IRB,103341074.38177106,agri,0.0054376535469215625,0.45889565708485147,5553069.473889473,3.973683703048293,none,,0
EXP0053,corporate,F-IRB,50162335.547898486,manufacturing,0.016451456422184357,0.4131784981560723,12730757.245475097,3.848651038077897,other_physical,,0
EXP0054,corporate,F-IRB,374552957.8536294,agri,0.018056929451116175,0.2828597168397091,2357301.9980880585,4.83985705008349,commercial_re,,0
EXP0055,corporate,A-IRB,203040693.60474417,services,0.009132490075557368,0.5223368350227535,9565935.23504423,2.0596600452450082,commercial_re,,0
EXP0056,corporate,F-IRB,71782568.692856,real_estate,0.009069910829326578,0.5680067715233426,618296.8848467341,3.224731714377865,other_physical,,0
EXP0057,corporate,F-IRB,60112361.04067908,real_estate,0.010867817164544422,0.5129984883672222,13216423.652248293,4.04196661227709,none,,0
EXP0058,corporate,F-IRB,114591506.6405002,trade,0.014067688432160618,0.3134847775862231,3214768.8454454597,1.0204944393755286,other_physical,,0
EXP0059,corporate,F-IRB,312522293.997436,manufacturing,0.016829131812532174,0.6027975156440315,4380140.827839449,1.178819796980286,none,,0
EXP0060,corporate,F-IRB,184629057.01466644,manufacturing,0.07330214736405244,0.5613474761769911,4096518.9418577654,3.1574077156426257,other_physical,,0
EXP0061,corporate,F-IRB,56554134.24640748,manufacturing,0.009329681899083866,0.61305772549281,1955304.0725569874,3.416434198483092,financial,,0
EXP0062,corporate,F-IRB,50861045.20798991,services,0.011086956959967137,0.46654925365026517,1239471.026977819,3.6216214752403144,none,,0
EXP0063,corporate,A-IRB,624826963.0469086,manufacturing,0.0025822425347496025,0.6783010056006589,800657.7887866378,4.545825411416665,none,,0
EXP0064,corporate,A-IRB,86936689.33807707,agri,0.010413870179874843,0.31316644988346976,4263325.870344901,3.457030509592965,none,,0
EXP0065,corporate,F-IRB,107390391.59214233,manufacturing,0.013269332817777835,0.3673400437628526,1675153.8616941897,4.179538601246456,none,,0
EXP0066,corporate,A-IRB,304203072.64965135,trade,0.006818430283478257,0.23221132653296414,9550910.096622834,2.907339899154004,financial,,0
EXP0067,corporate,F-IRB,149972225.8569828,trade,0.012859254107633122,0.42730700634727425,3624268.356389712,4.983790467845784,financial,,0
EXP0068,corporate,F-IRB,69841908.87013902,trade,0.01182022764870432,0.48910677580919004,5386347.687519025,2.095245798959244,none,,0
EXP0069,corporate,A-IRB,219210184.36268353,agri,0.02756729908602445,0.21806581954548016,3137662.627183286,4.491393645401336,commercial_re,,0
EXP0070,corporate,F-IRB,275933665.36412543,manufacturing,0.005250784409141025,0.6317409460567347,7333131.777558173,1.8444349868788077,none,,0
EXP0071,corporate,A-IRB,61989414.103789,services,0.005854279351996537,0.147547145266139,4823098.136254167,2.5687178782584392,financial,,0
EXP0072,corporate,A-IRB,107275675.09158887,trade,0.013692047913821222,0.49096771289282093,13596470.209525434,3.0848289815556718,none,,0
EXP0073,corporate,F-IRB,431672186.8243586,services,0.0005,0.5508978826483055,4324210.906043495,4.777146595523076,none,,0
EXP0074,corporate,F-IRB,330816512.5391832,trade,0.0129778957185658,0.710228989327727,5413237.103602367,2.316046908049702,none,,0
EXP0075,corporate,F-IRB,417706269.5151446,manufacturing,0.00979903809727643,0.30743723764214603,1785314.6795242354,1.1333731594847025,financial,,0
EXP0076,corporate,F-IRB,222795461.85095736,services,0.0074012367973544345,0.4943454396869366,15890980.659395222,3.617277613095631,none,,0
EXP0077,corporate,A-IRB,194168455.8871761,real_estate,0.007245495943799922,0.21743783466734296,4900402.431300215,4.4151076049610065,financial,,0
EXP0078,corporate,A-IRB,210130192.9719857,trade,0.0031848820098778537,0.461386490698992,4485835.943214912,4.5987024104262515,none,,0
EXP0079,corporate,A-IRB,197523311.5294907,trade,0.009720352865789875,0.5492322359467611,6339097.894287312,2.2013749379800185,other_physical,,0
EXP0080,corporate,F-IRB,224469306.476474,real_estate,0.012418092288497736,0.31488616254051116,2773638.0562807894,3.4173114316500706,financial,,0
EXP0081,corporate,F-IRB,401643951.8066051,real_estate,0.011681990563424538,0.22105272150845381,12530885.839956082,2.4197044326034916,other_physical,,0
EXP0082,corporate,A-IRB,128005743.95894697,manufacturing,0.021882826119069537,0.12109216179365277,7056668.0598808965,2.487129710945745,financial,,0
EXP0083,corporate,F-IRB,88014138.69523017,agri,0.03144670044927782,0.46870466706987596,1906862.0509048044,3.6622786673874494,commercial_re,,0
EXP0084,corporate,A-IRB,300131335.883433,real_estate,0.0265945689707865,0.3515424109348632,6864763.974414751,3.478877806420887,commercial_re,,0
EXP0085,corporate,F-IRB,344467475.6242379,real_estate,0.002071386275369515,0.17611622772379842,3030899.797550763,4.201609372275449,financial,,0
EXP0086,corporate,F-IRB,374531681.04708827,real_estate,0.01038112278397419,0.42317581157798567,3513448.000481421,2.917027934131805,commercial_re,,0
EXP0087,corporate,A-IRB,187919873.33192068,trade,0.005154255168936679,0.4236774386180998,7739059.036349244,3.165072743701628,other_physical,,0
EXP0088,corporate,A-IRB,237915769.00648338,trade,0.011069990098500059,0.41231057434775653,10299003.367466994,3.9360382220284453,commercial_re,,0
EXP0089,corporate,F-IRB,210540432.12944815,real_estate,0.00592623794343394,0.40050801595178326,10016568.426432664,3.1432061332066037,other_physical,,0
EXP0090,corporate,A-IRB,231381822.13240537,manufacturing,0.0640204802904027,0.4233057788500088,2601378.393011906,2.0849586302697998,other_physical,,0
EXP0091,corporate,A-IRB,172510522.4834982,trade,0.06001925714174429,0.28384862683442524,45574348.15316457,3.4345657935009197,other_physical,,0
EXP0092,corporate,A-IRB,189172263.51110613,services,0.012158798916115604,0.19042013910297206,2572785.8241658746,2.9939361333245103,financial,,0
EXP0093,corporate,A-IRB,64672384.999849215,agri,0.02749367377302618,0.3556826821359682,5787576.252901019,1.7174838147040061,none,,0
EXP0094,corporate,F-IRB,96115049.2080694,agri,0.009205282176832395,0.33801725375594593,16652432.906720627,2.3955339655800443,none,,0
EXP0095,corporate,F-IRB,170283332.7215229,manufacturing,0.0070340545164461615,0.4731955430099043,2392909.8900997182,2.656333141067204,other_physical,,0
EXP0096,corporate,F-IRB,204807058.89879224,services,0.020227362454113888,0.31928757035907707,3952797.5461869827,3.417960277640368,none,,0
EXP0097,corporate,F-IRB,229535087.01253223,agri,0.00763898413616061,0.38922006695383754,4892038.676599659,2.70935638329052,financial,,0
EXP0098,corporate,F-IRB,123258204.65386398,trade,0.005128022863888845,0.4514645664079641,1744292.6768466947,1.025617445284241,financial,,0
EXP0099,corporate,A-IRB,304937028.3435275,real_estate,0.012996533980214555,0.5017318206245499,6253832.708514209,2.6533640278405786,financial,,0
EXP0100,corporate,F-IRB,85636819.19423951,trade,0.020287679094036223,0.14967830300741694,9726315.74329529,3.265503024867751,financial,,0
EXP0101,corporate,A-IRB,723252391.8382392,trade,0.012368582965596472,0.48850346146037954,4302820.390143333,4.3640931156889415,none,,0
EXP0102,corporate,A-IRB,95530289.3053018,manufacturing,0.015591849874209893,0.36783479264968677,3556909.1139530824,4.431715521298121,other_physical,,0
EXP0103,corporate,A-IRB,222907648.95282087,manufacturing,0.00761363845188711,0.2956926072385029,3329498.1340710097,3.9256310236420098,commercial_re,,0
EXP0104,corporate,F-IRB,177169688.35204548,real_estate,0.02108175516947021,0.5330407862677246,11321144.887973038,3.129232209398353,other_physical,,0
EXP0105,corporate,F-IRB,83643741.09346811,services,0.008354248590767053,0.40221299810138533,4811810.980213565,1.7574143322978908,commercial_re,,0
EXP0106,corporate,A-IRB,74751760.74448977,real_estate,0.018003102603768188,0.3532344875513232,2271178.1997513697,3.9732709245343405,none,,0
EXP0107,corporate,F-IRB,358560106.1654539,trade,0.007327619462952758,0.30066725280248374,2960005.028746623,3.4181021010122716,commercial_re,,0
EXP0108,corporate,F-IRB,57624256.1018648,agri,0.026642980378848845,0.29936102808520587,3289541.304841046,1.4853810911660914,none,,0
EXP0109,corporate,A-IRB,412908434.3471261,manufacturing,0.019500160692245257,0.3087871845053279,1816267.8604812403,1.8371513775274915,commercial_re,,0
EXP0110,corporate,A-IRB,70221941.38049716,services,0.010663250442338675,0.33108467971632244,2894097.781341659,2.4629476487736848,other_physical,,0
EXP0111,corporate,F-IRB,53007036.997649476,agri,0.01191161427597844,0.646847532276134,7301085.105212555,4.89211622634766,commercial_re,,0
EXP0112,corporate,F-IRB,87697438.94254756,real_estate,0.015692953503261223,0.48952807480396193,3777452.3609055085,2.6305735376091497,financial,,0
EXP0113,corporate,F-IRB,123464773.51746254,real_estate,0.018145929189507942,0.5410211080779198,2956308.7065828475,3.703716401629955,none,,0
EXP0114,corporate,F-IRB,155499068.66712022,real_estate,0.022952391968066508,0.6833679094388688,5305380.852737133,1.4712047780958062,other_physical,,0
EXP0115,corporate,A-IRB,362564907.2910816,services,0.01783256707809887,0.32522826342124894,8808449.342473252,1.3372285005364475,financial,,0
EXP0116,corporate,A-IRB,107461498.27503407,agri,0.06318847213824146,0.3721408112409925,19211300.423695788,3.4649709276493503,none,,0
EXP0117,corporate,A-IRB,52742278.715244204,trade,0.006833246420792395,0.202762482320643,3012802.9986534505,3.337344125748848,financial,,0
EXP0118,corporate,A-IRB,248259659.03938568,trade,0.03330517948557179,0.17530783337569353,4161751.4634028845,1.5101702755555748,commercial_re,,0
EXP0119,corporate,F-IRB,330992901.77495426,trade,0.04248515427510027,0.2043920047975086,908400.5819157427,2.4795126198732085,other_physical,,0
EXP0120,corporate,A-IRB,80650189.74626605,agri,0.00762898308722744,0.7740742545164394,3697501.7458297457,1.5627657056369006,none,,0
EXP0121,corporate,A-IRB,129513258.9054459,agri,0.0234814828780398,0.5145214892183329,8678414.634599036,1.5824125394193422,none,,0
EXP0122,corporate,A-IRB,379615356.73024166,services,0.009355641616334145,0.5214830308387598,7995963.009758631,3.1813782190048,none,,0
EXP0123,corporate,A-IRB,289511971.3605097,real_estate,0.050897354024305876,0.6802524836598373,6518177.644991425,4.908064714714028,none,,0
EXP0124,corporate,F-IRB,68956486.22944301,trade,0.023038044397767885,0.5235573457116577,2356080.119946408,2.7727931583333856,commercial_re,,0
EXP0125,corporate,A-IRB,281064728.88497263,agri,0.009069906860161892,0.6736190593435819,13939735.49853964,2.988258218194914,financial,,0
EXP0126,corporate,A-IRB,148168114.72686094,agri,0.014611385174045255,0.43661867099461044,7612785.973052829,2.730890006928618,other_physical,,0
EXP0127,corporate,A-IRB,61890647.975158565,real_estate,0.011453779312504665,0.18299406929464207,6246596.124828277,1.1149959458634626,financial,,0
EXP0128,corporate,A-IRB,204293036.62287018,agri,0.013190467012122054,0.31962735915485874,4224357.637601722,2.55550906779195,none,,0
EXP0129,corporate,F-IRB,113859393.33325604,manufacturing,0.01471945780721471,0.4068727663909486,14213395.0389477,2.776682069776419,commercial_re,,0
EXP0130,corporate,A-IRB,112075591.5858561,services,0.0005,0.43744133810382785,1569827.7213858112,2.855684727753086,none,,0
EXP0131,corporate,F-IRB,302141318.23983204,services,0.011224782399462301,0.17208727915564542,23220775.90427113,1.2118897804335353,financial,,0
EXP0132,corporate,A-IRB,350054928.85372406,agri,0.014272681790115892,0.3036841972007501,4789837.855193708,4.313223928083183,commercial_re,,0
EXP0133,corporate,A-IRB,443478863.5768522,trade,0.008100745382023013,0.5465233399668296,4942645.410511915,3.932720572213357,other_physical,,0
EXP0134,corporate,A-IRB,407970847.9999676,agri,0.010157562748754885,0.1730089869274147,4186318.818526897,3.3959838218476297,commercial_re,,0
EXP0135,corporate,F-IRB,111503975.69425124,services,0.013684830528078923,0.4604176723168787,9054400.924495233,2.744523721814916,none,,0
EXP0136,corporate,A-IRB,122594934.4471442,trade,0.038006430635854425,0.4493287386618817,4110989.725244675,4.449825287118532,other_physical,,0
EXP0137,corporate,F-IRB,116645997.86897925,services,0.023566596517370798,0.38733134072095776,5612009.133357188,1.8410307504330614,none,,0
EXP0138,corporate,A-IRB,428772222.3067248,agri,0.009792234339577429,0.2570908225598174,8170831.430063899,2.873584200693091,commercial_re,,0
EXP0139,corporate,A-IRB,124586006.18946807,services,0.019748187660246025,0.6467296325695917,1727203.7138864356,4.775572141350853,other_physical,,0
EXP0140,corporate,A-IRB,334333713.7164611,manufacturing,0.013709154191904676,0.3674940994698136,7265042.119159983,1.605195235721748,none,,0
EXP0141,corporate,F-IRB,263155158.6492461,agri,0.02338351746608099,0.33458017195841955,3902237.2418152816,4.604117107686614,other_physical,,0
EXP0142,corporate,A-IRB,172203099.03229892,services,0.002475813868668263,0.6189083499245114,5009943.85371199,3.1513996433180673,none,,0
EXP0143,corporate,F-IRB,104097475.16890967,manufacturing,0.006381937115549518,0.38349346811743884,6135035.818631683,3.059914360099732,other_physical,,0
EXP0144,corporate,A-IRB,150354452.83232912,manufacturing,0.003111322025446789,0.33909194565667733,0.0,2.258427412079434,financial,,0
EXP0145,corporate,A-IRB,51178150.73464588,services,0.018365664636962226,0.6380768942978842,2055912.5842902237,3.3637717082450687,none,,0
EXP0146,corporate,A-IRB,67067109.38088182,agri,0.015409201398357811,0.3712634057699769,26835555.21961568,1.6997404499409292,commercial_re,,0
EXP0147,corporate,F-IRB,144502461.61871284,real_estate,0.005817563168976344,0.4252887654534916,7479285.917409756,4.408184826279484,commercial_re,,0
EXP0148,corporate,A-IRB,188797487.47395557,trade,0.021067782980262,0.16406289301927515,1905466.918389644,3.8082251668895615,financial,,0
EXP0149,corporate,F-IRB,94208098.95852679,real_estate,0.008754221759788775,0.47662292012239643,3695976.1398226274,4.79954073033586,commercial_re,,0
EXP0150,corporate,F-IRB,250128803.7139411,real_estate,1.0,0.18121743088843512,9481194.964531247,3.934731203067714,financial,,1
EXP0151,corporate_sme,F-IRB,5149976.158703455,trade,0.011324885256177223,0.1525834273219825,845536.6423167135,4.767139434237372,financial,,0
EXP0152,corporate_sme,F-IRB,17929331.089379463,manufacturing,0.02731800702020048,0.8011745731434282,367771.12845263974,1.8148023549365875,none,,0
EXP0153,corporate_sme,F-IRB,8781120.59673262,agri,0.009323514067262508,0.4380284810010191,590964.020088882,3.58413609618317,none,,0
EXP0154,corporate_sme,F-IRB,6483188.776179464,manufacturing,0.00771226455608936,0.09140942043214108,1300536.4337118338,4.413868885752658,financial,,0
EXP0155,corporate_sme,A-IRB,48373307.20199622,manufacturing,0.010992049855178088,0.3420321111550149,1075977.929555444,3.904099884120801,other_physical,,0
EXP0156,corporate_sme,A-IRB,39306080.325462826,real_estate,0.051021430264815516,0.23073901444821168,3152437.4378141025,3.709344370798129,other_physical,,0
EXP0157,corporate_sme,F-IRB,12219233.09724692,manufacturing,0.021084707621383984,0.16012794953585718,862948.3657449036,1.4863032047526148,financial,,0
EXP0158,corporate_sme,F-IRB,19787982.43723642,agri,0.0003236102554087015,0.8522146161102266,822222.7453312814,3.624038622037023,none,,0
EXP0159,corporate_sme,A-IRB,7252067.86143611,trade,0.10792487203473598,0.2412351846930353,2844676.5497565106,3.996090926172965,commercial_re,,0
EXP0160,corporate_sme,A-IRB,8709513.236503582,real_estate,0.02017724617538465,0.23695634247601433,112921.43363730637,1.8463512365565107,commercial_re,,0
EXP0161,corporate_sme,A-IRB,22081805.91765488,manufacturing,0.06968153442291963,0.19648958756562496,300488.3806428507,2.8872601903574986,financial,,0
EXP0162,corporate_sme,F-IRB,11107082.196163313,agri,0.024067155715505894,0.181308743845376,1103787.6112270057,3.430380179161082,financial,,0
EXP0163,corporate_sme,F-IRB,6722081.497424539,agri,0.0075297363633833195,0.3171792587005089,6183870.621869397,3.8683620202573734,financial,,0
EXP0164,corporate_sme,F-IRB,14092146.450742172,manufacturing,0.02234534382980775,0.5009709184721677,2307758.4046372958,4.847028907040109,financial,,0
EXP0165,corporate_sme,A-IRB,12010696.289853698,manufacturing,0.019277910840515482,0.44166058265941793,655890.8876331056,3.049962798332957,none,,0
EXP0166,corporate_sme,A-IRB,7826150.360367704,real_estate,0.06373724983566355,0.10936323321952127,1051050.5958818104,1.4131578355425969,commercial_re,,0
EXP0167,corporate_sme,A-IRB,9750179.488818524,trade,0.004887370344088973,0.12513389622850749,2077970.5720334928,2.127748423640859,financial,,0
EXP0168,corporate_sme,F-IRB,9411445.834790142,trade,0.012154570687505563,0.602502899005756,1688177.1824804489,4.703049113045793,other_physical,,0
EXP0169,corporate_sme,A-IRB,12794899.6894953,real_estate,0.02391812195558247,0.13101053981221228,1114328.9450466284,1.4148062373387935,other_physical,,0
EXP0170,corporate_sme,A-IRB,45692914.53955184,real_estate,0.014844919882656534,0.43474101816055766,2581098.4491335372,1.5795747728337086,financial,,0
EXP0171,corporate_sme,F-IRB,18229396.84502836,trade,0.009797495728916293,0.34272844662927165,1157400.781833997,2.4947604720927274,financial,,0
EXP0172,corporate_sme,F-IRB,42267936.62247131,manufacturing,0.013826382177335093,0.4828747437125898,2445932.41201311,1.8375185050335618,financial,,0
EXP0173,corporate_sme,A-IRB,11313464.91188715,services,0.0793330324791715,0.554070774440763,788528.6159204193,3.3626087895654355,none,,0
EXP0174,corporate_sme,A-IRB,19418487.06638952,trade,0.021552709079352344,0.5070876892952852,1898113.1256845358,3.9211215673679596,other_physical,,0
EXP0175,corporate_sme,F-IRB,10115619.741102269,services,0.01557908530859943,0.3058270174032465,1017802.2305218969,3.1816577794973817,financial,,0
EXP0176,corporate_sme,F-IRB,7719703.021837767,real_estate,0.010165278455066694,0.542848198469972,1712117.1438519948,2.5554766690205803,commercial_re,,0
EXP0177,corporate_sme,A-IRB,47174326.63567111,trade,0.010061148249984012,0.29773859004477277,2242424.862301713,2.8031166711165287,commercial_re,,0
EXP0178,corporate_sme,F-IRB,10054860.27517009,real_estate,0.015094835184414016,0.2686943786119626,2855383.6955047753,3.3079950791354698,commercial_re,,0
EXP0179,corporate_sme,A-IRB,27295824.10434859,manufacturing,0.016762828030921717,0.2914183819581358,1843535.4814420757,3.637622321938894,financial,,0
EXP0180,corporate_sme,A-IRB,29045346.063702658,trade,0.018933317521599505,0.29602730014114687,723270.5938884208,1.2377219753831623,commercial_re,,0
EXP0181,corporate_sme,F-IRB,46496994.08122846,real_estate,0.01370037457349824,0.121579342042636,877661.9977184718,2.447450291205666,commercial_re,,0
EXP0182,corporate_sme,A-IRB,22081072.04428126,trade,0.028805435703481364,0.4409162223783569,1676059.9220693246,1.6744367788184724,other_physical,,0
EXP0183,corporate_sme,F-IRB,8956329.328559153,agri,0.0003263012577901174,0.2937457553771434,1103412.2037817733,1.0414100191278846,commercial_re,,0
EXP0184,corporate_sme,F-IRB,8497438.051267916,agri,0.02215633493206106,0.43079521167599966,5393147.21980872,1.2980553596044615,none,,0
EXP0185,corporate_sme,F-IRB,35223126.36217962,agri,0.03164157627741205,0.3584922669635761,1218628.5152254577,1.5676169685209027,other_physical,,0
EXP0186,corporate_sme,F-IRB,25458606.789316755,agri,0.04737690448977498,0.25080535250690394,1247869.8796344937,3.2078244992374247,financial,,0
EXP0187,corporate_sme,F-IRB,8271432.763048864,agri,0.00046583159538847864,0.555705840346013,1123031.8058486967,3.6163739361483604,none,,0
EXP0188,corporate_sme,F-IRB,6458521.6132721035,services,0.03970885707563501,0.24172389106999975,4386820.918256223,2.2356354417108353,none,,0
EXP0189,corporate_sme,F-IRB,29320874.072194256,real_estate,0.01618847157925855,0.12793321519044126,707406.374444998,4.512554394881491,commercial_re,,0
EXP0190,corporate_sme,A-IRB,10412531.844000515,agri,0.03340136406062734,0.07353794401370878,701812.4173158611,4.622700610714201,other_physical,,0
EXP0191,corporate_sme,F-IRB,12079118.54154622,agri,0.009054642984847266,0.5051241699302815,5375238.457256939,3.8021504479849884,commercial_re,,0
EXP0192,corporate_sme,F-IRB,11314009.925719535,services,0.026614134523635043,0.2274637055807733,4518418.204327325,2.1487568274905744,commercial_re,,0
EXP0193,corporate_sme,A-IRB,15958264.818220442,manufacturing,0.007897764859229627,0.06921625389958408,1214412.3326770598,3.6595643429809255,financial,,0
EXP0194,corporate_sme,A-IRB,11126250.355396798,manufacturing,0.0162520140799999,0.44721273533172146,715964.926199251,3.258605616153778,commercial_re,,0
EXP0195,corporate_sme,F-IRB,23424862.71387842,agri,0.00031035924463894036,0.4591102675204282,3298994.6378011047,4.198802844196372,none,,0
EXP0196,corporate_sme,F-IRB,21712668.67945267,real_estate,0.022637447031207826,0.43462651508511657,1201234.7499642994,2.860171884072702,commercial_re,,0
EXP0197,corporate_sme,F-IRB,8041849.60742564,services,0.015437552379722998,0.37066602391439646,6939513.8590373,1.8520442847532341,financial,,0
EXP0198,corporate_sme,A-IRB,20901507.132623665,trade,0.020448016258005845,0.34299625544610757,963035.8177944167,3.445486093956707,commercial_re,,0
EXP0199,corporate_sme,A-IRB,44276998.30484965,manufacturing,0.04279650499310488,0.198564771226232,557096.7592967952,1.2981017692534134,financial,,0
EXP0200,corporate_sme,F-IRB,24422358.653772797,agri,0.0003085423815328708,0.14420087642320908,1093084.357126859,1.187533506868081,commercial_re,,0
EXP0201,corporate_sme,F-IRB,19907666.96101085,agri,0.01587054630794974,0.3052363259591449,6419557.057909801,4.597752560234393,commercial_re,,0
EXP0202,corporate_sme,F-IRB,15933325.772288548,agri,0.008277484983549225,0.3328151774056171,4394453.173744824,3.8865612557888642,other_physical,,0
EXP0203,corporate_sme,F-IRB,44782759.32534348,agri,0.0003611348848706507,0.5970901640485923,1405492.6898841234,2.893177045565337,commercial_re,,0
EXP0204,corporate_sme,A-IRB,39912099.22841552,agri,0.000419335772170762,0.06878652249474451,420781.66278284846,4.260880606762311,financial,,0
EXP0205,corporate_sme,F-IRB,9521137.121899411,services,0.023311165224630274,0.2541620278396824,1946900.397214618,2.791337788121161,other_physical,,0
EXP0206,corporate_sme,A-IRB,38226078.71357113,manufacturing,0.02105450964658866,0.5714539261571102,720238.9150657216,4.324160708264238,commercial_re,,0
EXP0207,corporate_sme,A-IRB,29615363.001110714,services,0.03333135698303563,0.4142252812234138,1539959.2675702206,1.0024199617844989,none,,0
EXP0208,corporate_sme,A-IRB,5253105.429834216,trade,0.050742349835197834,0.26727830753820375,4700191.155079813,1.136629264254427,other_physical,,0
EXP0209,corporate_sme,A-IRB,14377533.898230579,services,0.0048396597249214714,0.419004376210026,2301197.244181509,3.865980615248052,none,,0
EXP0210,corporate_sme,F-IRB,12778739.03827608,agri,0.01387204759589025,0.30737097372634176,1837493.515768383,3.5381368522544063,other_physical,,0
EXP0211,corporate_sme,A-IRB,7760670.510428312,real_estate,0.03362577124101443,0.6326825247351601,790230.6577970858,1.580623168788537,other_physical,,0
EXP0212,corporate_sme,A-IRB,28007688.48070199,real_estate,0.008138862961076285,0.37468287813532414,1624530.3269684066,1.0148367090723571,none,,0
EXP0213,corporate_sme,F-IRB,10667534.074525287,manufacturing,0.03368500403593196,0.20578353140692918,819634.8635406146,1.8065689589756135,other_physical,,0
EXP0214,corporate_sme,F-IRB,12436866.112179235,trade,0.01666324110851305,0.287465287228714,397528.50023813255,2.087440726328737,financial,,0
EXP0215,corporate_sme,F-IRB,7318822.317950843,services,0.011963780141350898,0.48055222781831836,646150.1176933259,4.323482209520657,other_physical,,0
EXP0216,corporate_sme,F-IRB,24578752.73117689,agri,0.010325875713113029,0.21317309046718794,789601.4866173402,3.530040304065109,commercial_re,,0
EXP0217,corporate_sme,A-IRB,41373122.95249501,trade,0.020614948042967207,0.32748571054431624,1591431.1575982352,4.071972488248969,none,,0
EXP0218,corporate_sme,F-IRB,20869336.12446545,agri,0.05593575129145183,0.4652502551461712,2592998.6541435937,4.926633292874493,other_physical,,0
EXP0219,corporate_sme,A-IRB,25954877.198500153,trade,0.036768545708707384,0.6177166209315545,953930.3293397793,1.7115402836812743,none,,0
EXP0220,corporate_sme,F-IRB,17238498.132178273,real_estate,0.018066046172834978,0.15675917774698758,486539.100437586,1.1900009626916757,financial,,0
EXP0221,corporate_sme,F-IRB,6982593.180386066,trade,0.01909783738762577,0.1957907335855881,1103917.605299217,1.6185796442804024,financial,,0
EXP0222,corporate_sme,F-IRB,40509972.74755485,agri,0.0239605216129386,0.1780720592170523,1703266.7109242924,1.9802470255663267,commercial_re,,0
EXP0223,corporate_sme,F-IRB,10455991.771217294,services,0.030417556032989842,0.2634135729871791,1868996.2787729548,2.812971039634979,commercial_re,,0
EXP0224,corporate_sme,A-IRB,46245788.56792493,real_estate,0.010481187198162234,0.17315765140132763,553301.2515551138,4.415746456623177,other_physical,,0
EXP0225,corporate_sme,F-IRB,10830570.94236494,manufacturing,0.01735760990037948,0.3954406530402037,289746.65831246116,3.568307657855243,other_physical,,0
EXP0226,corporate_sme,F-IRB,15078439.19391311,real_estate,0.006509550897668234,0.3999674347886865,602033.0819264508,2.954845225502551,financial,,0
EXP0227,corporate_sme,F-IRB,21731586.651185974,trade,0.029808543863030668,0.4553827204067005,993724.0339757872,2.2180707622087463,financial,,0
EXP0228,corporate_sme,A-IRB,5492734.353721009,agri,0.0003780830259140232,0.3118267608338323,3354729.426758797,1.4025489222337528,other_physical,,0
EXP0229,corporate_sme,F-IRB,6838806.80000105,real_estate,0.016947110470576,0.4747786669305745,837204.655343892,2.851025950514291,other_physical,,0
EXP0230,corporate_sme,A-IRB,5943326.407144417,manufacturing,0.016554572278986802,0.28928096701917255,1124834.3880239823,2.099506507458015,financial,,0
EXP0231,corporate_sme,A-IRB,5178226.706179238,manufacturing,0.016342232445764694,0.190003748044318,1100633.7212845283,1.6403120313091564,other_physical,,0
EXP0232,corporate_sme,A-IRB,35282409.98675776,trade,0.021445446200578415,0.4251260384449137,600521.1989975565,1.2733226657234171,other_physical,,0
EXP0233,corporate_sme,F-IRB,11047723.44584823,agri,0.0004624737347362424,0.2543613820806823,470170.9771225569,2.345289866553013,commercial_re,,0
EXP0234,corporate_sme,A-IRB,13117329.685389565,manufacturing,0.018897312878511447,0.6146305804904808,1813864.0588086494,2.575305265712364,none,,0
EXP0235,corporate_sme,F-IRB,23457604.375225186,agri,0.030422659198873252,0.31971212008389843,588663.2279591204,3.580277762379423,commercial_re,,0
EXP0236,corporate_sme,A-IRB,14207954.572671805,real_estate,0.02343064486887482,0.33862287611267095,1620493.675436204,4.896224012558987,none,,0
EXP0237,corporate_sme,A-IRB,23456077.232219547,trade,0.018550162757854833,0.42679471922303724,3749917.5339322505,4.215171807397278,none,,0
EXP0238,corporate_sme,F-IRB,16265357.700101627,manufacturing,0.028658882666952896,0.22184674841719107,2664797.559991578,3.9551480777102666,financial,,0
EXP0239,corporate_sme,F-IRB,25040974.568578247,manufacturing,0.010218555710215033,0.32156264377453564,709797.1221083486,3.2490262342739378,other_physical,,0
EXP0240,corporate_sme,F-IRB,6739683.725286089,agri,0.0003487323334089335,0.6072046418300097,753288.3615386978,4.951142560052254,other_physical,,0
EXP0241,corporate_sme,A-IRB,17439721.307680648,services,0.047599129034012304,0.10085891991704936,2056846.6953904289,2.2549758598432974,commercial_re,,0
EXP0242,corporate_sme,A-IRB,43577386.91727121,agri,0.01625584804273811,0.28500971116327367,632117.2058486781,2.29170326863239,financial,,0
EXP0243,corporate_sme,A-IRB,13257884.237464186,trade,0.02456073250262344,0.23443001328612673,879679.5979540478,2.324205035615345,financial,,0
EXP0244,corporate_sme,A-IRB,5245239.004980718,agri,0.01581345308779783,0.6221818078770954,1265879.8132252612,2.7186634690562435,none,,0
EXP0245,corporate_sme,F-IRB,15552617.193322707,services,0.05009137670132307,0.2731945862068575,5638036.821297453,3.971899360443174,commercial_re,,0
EXP0246,corporate_sme,A-IRB,18496738.146919932,manufacturing,0.04268633855604542,0.3445425051364282,1506031.1795893665,2.2308514372901476,other_physical,,0
EXP0247,corporate_sme,A-IRB,23479739.99166029,trade,0.0270716171289459,0.408158817259523,3288206.8782961285,1.317836450725986,other_physical,,0
EXP0248,corporate_sme,F-IRB,24939599.02111682,agri,0.040710717412654474,0.5206558609021743,4190180.542001712,4.2243504048746985,other_physical,,0
EXP0249,corporate_sme,F-IRB,8539564.91621814,agri,0.006612057314979501,0.20365676193632357,339452.9878326684,2.4064209098819918,other_physical,,0
EXP0250,corporate_sme,F-IRB,7302401.988645342,manufacturing,0.01866925048366015,0.30721843132346105,1760972.2794756633,2.377145115906628,none,,0
EXP0251,retail_mortgage,A-IRB,,manufacturing,0.0019505438937073025,0.057499999999999996,112255.04042768928,,residential_re,,0
EXP0252,retail_mortgage,A-IRB,,trade,0.008162500690812048,0.17113056446862515,94328.61210512521,,residential_re,,0
EXP0253,retail_mortgage,A-IRB,,services,0.01690903492479068,0.09695858899351179,286433.01402967464,,residential_re,,0
EXP0254,retail_mortgage,A-IRB,,trade,0.010139786173554766,0.5385751170711307,149940.36226236197,,residential_re,,0
EXP0255,retail_mortgage,A-IRB,,manufacturing,0.027763403294464344,0.3324211181302607,446727.64089677273,,residential_re,,0
EXP0256,retail_mortgage,A-IRB,,manufacturing,0.0069618242538285946,0.09237799853562917,130926.28806247641,,residential_re,,0
EXP0257,retail_mortgage,A-IRB,,trade,0.009750507433624508,0.25313908793486767,289621.03015046194,,residential_re,,0
EXP0258,retail_mortgage,A-IRB,,manufacturing,0.004508664619531469,0.08034754885559958,493449.03943851456,,residential_re,,0
EXP0259,retail_mortgage,A-IRB,,trade,0.005709807621923388,0.04288268860287871,61412.210327785186,,residential_re,,0
EXP0260,retail_mortgage,A-IRB,,services,0.00406364710473681,0.05786989983745209,78608.72678215838,,residential_re,,0
EXP0261,retail_mortgage,A-IRB,,trade,0.006996910150577436,0.23414151714653786,201028.0695288186,,residential_re,,0
EXP0262,retail_mortgage,A-IRB,,manufacturing,0.004229723709532817,0.024900668593654304,116066.809691154,,residential_re,,0
EXP0263,retail_mortgage,A-IRB,,real_estate,0.008222267870519948,0.2802698014125329,207926.41963040302,,residential_re,,0
EXP0264,retail_mortgage,A-IRB,,real_estate,0.0046397976609517865,0.17716120161695462,138324.33169519197,,residential_re,,0
EXP0265,retail_mortgage,A-IRB,,services,0.0036127113787370233,0.3043517876362213,162783.62850620522,,residential_re,,0
EXP0266,retail_mortgage,A-IRB,,services,0.006185523242555384,0.20310281835117894,484480.1389440121,,residential_re,,0
EXP0267,retail_mortgage,A-IRB,,manufacturing,0.002801121042089071,0.28523160822122845,232729.72237870205,,residential_re,,0
EXP0268,retail_mortgage,A-IRB,,trade,0.007972452101387128,0.3205333043849592,267103.8330012272,,residential_re,,0
EXP0269,retail_mortgage,A-IRB,,real_estate,0.009650706070201366,0.18850795115967975,278159.82190185494,,residential_re,,0
EXP0270,retail_mortgage,A-IRB,,trade,0.005120821362445112,0.22431921346847586,178806.70097234764,,residential_re,,0
EXP0271,retail_mortgage,A-IRB,,manufacturing,0.007196773186891265,0.057499999999999996,352467.09337971476,,residential_re,,0
EXP0272,retail_mortgage,A-IRB,,manufacturing,0.00260704348033934,0.12362799683259013,187834.28440589685,,residential_re,,0
EXP0273,retail_mortgage,A-IRB,,manufacturing,0.0015612512358534679,0.13401913356924683,245855.54243386327,,residential_re,,0
EXP0274,retail_mortgage,A-IRB,,services,0.014045517937904997,0.057499999999999996,125090.13561995473,,residential_re,,0
EXP0275,retail_mortgage,A-IRB,,trade,0.01845511364956162,0.5208132565031205,117467.92734003054,,residential_re,,0
EXP0276,retail_mortgage,A-IRB,,services,0.003711434807016409,0.057499999999999996,253287.97610034893,,residential_re,,0
EXP0277,retail_mortgage,A-IRB,,real_estate,0.005709236784620103,0.2147208619522207,703795.4979177677,,residential_re,,0
EXP0278,retail_mortgage,A-IRB,,trade,0.006788319917663714,0.17276961339183913,116027.57195798683,,residential_re,,0
EXP0279,retail_mortgage,A-IRB,,real_estate,0.007518212051212759,0.05,178988.88078576507,,residential_re,,0
EXP0280,retail_mortgage,A-IRB,,manufacturing,0.0052312778025330586,0.21933506188235286,117225.43136905177,,residential_re,,0
EXP0281,retail_mortgage,A-IRB,,manufacturing,0.005248849588161888,0.04059053703001584,231638.25052024552,,residential_re,,0
EXP0282,retail_mortgage,A-IRB,,manufacturing,0.013385750550537945,0.057499999999999996,153376.43451282324,,residential_re,,0
EXP0283,retail_mortgage,A-IRB,,agri,0.018980465956924007,0.057499999999999996,247292.97395736582,,residential_re,,0
EXP0284,retail_mortgage,A-IRB,,manufacturing,0.009536959833158479,0.0960632275300273,466365.3292499344,,residential_re,,0
EXP0285,retail_mortgage,A-IRB,,manufacturing,0.008424266576157753,0.12369315399982951,175146.02370536936,,residential_re,,0
EXP0286,retail_mortgage,A-IRB,,agri,0.0066348589827481385,0.057499999999999996,126247.53159118818,,residential_re,,0
EXP0287,retail_mortgage,A-IRB,,real_estate,0.005555271129942288,0.11444724623803348,413632.8382140616,,residential_re,,0
EXP0288,retail_mortgage,A-IRB,,manufacturing,0.005306049966432969,0.16175384727363742,585006.8527802323,,residential_re,,0
EXP0289,retail_mortgage,A-IRB,,trade,0.003923144219946845,0.057499999999999996,138493.11756851332,,residential_re,,0
EXP0290,retail_mortgage,A-IRB,,real_estate,0.005960100722484961,0.12494289148501168,404418.42416800605,,residential_re,,0
EXP0291,retail_mortgage,A-IRB,,trade,0.012859879900115239,0.05964799265850362,342098.0493425444,,residential_re,,0
EXP0292,retail_mortgage,A-IRB,,real_estate,0.005641195468100698,0.08398463600040146,132781.4685680778,,residential_re,,0
EXP0293,retail_mortgage,A-IRB,,manufacturing,0.003750245124185666,0.21214193824312327,90274.78314907229,,residential_re,,0
EXP0294,retail_mortgage,A-IRB,,real_estate,0.011216526740797853,0.08491328054033588,162627.28691519646,,residential_re,,0
EXP0295,retail_mortgage,A-IRB,,trade,0.008466356376063324,0.057499999999999996,172418.33857681116,,residential_re,,0
EXP0296,retail_mortgage,A-IRB,,agri,0.0071958872297268085,0.1771939102831197,96048.7983815966,,residential_re,,0
EXP0297,retail_mortgage,A-IRB,,trade,0.008566460253967166,0.057499999999999996,229807.01311437343,,residential_re,,0
EXP0298,retail_mortgage,A-IRB,,trade,0.0025474748689609775,0.3553844054140403,154626.07284632936,,residential_re,,0
EXP0299,retail_mortgage,A-IRB,,manufacturing,0.005742473307696592,0.23261007097768574,166190.5123880715,,residential_re,,0
EXP0300,retail_mortgage,A-IRB,,trade,0.004338583671226406,0.04399048894395524,796261.4438682764,,residential_re,,0
EXP0301,retail_mortgage,A-IRB,,trade,0.004827023709063845,0.07540060494152229,317094.9764055099,,residential_re,,0
EXP0302,retail_mortgage,A-IRB,,real_estate,0.005026656839550514,0.036479858859109295,531429.7119820518,,residential_re,,0
EXP0303,retail_mortgage,A-IRB,,trade,0.0019411039446052471,0.1332483777627763,416307.51509428624,,residential_re,,0
EXP0304,retail_mortgage,A-IRB,,manufacturing,0.0075358673634243045,0.1757803371529802,94527.11180803046,,residential_re,,0
EXP0305,retail_mortgage,A-IRB,,manufacturing,0.02210714730743591,0.37334977612165454,103511.75714479844,,residential_re,,0
EXP0306,retail_mortgage,A-IRB,,real_estate,0.00235869605772943,0.16806754066008975,85789.50574323711,,residential_re,,0
EXP0307,retail_mortgage,A-IRB,,real_estate,0.008830857356158666,0.15798328686240382,844445.2994679087,,residential_re,,0
EXP0308,retail_mortgage,A-IRB,,trade,1.0,0.08247121343528006,238720.66381066464,,residential_re,,1
EXP0309,retail_mortgage,A-IRB,,trade,0.007360252510746301,0.18395048539181627,106595.54631937004,,residential_re,,0
EXP0310,retail_mortgage,A-IRB,,manufacturing,0.003628711135666475,0.03522093019551086,46335.997785390035,,residential_re,,0
EXP0311,retail_mortgage,A-IRB,,services,0.011814469969371617,0.057499999999999996,141936.1607741415,,residential_re,,0
EXP0312,retail_mortgage,A-IRB,,real_estate,0.04365366410728587,0.11964755578809655,272273.62148922065,,residential_re,,0
EXP0313,retail_mortgage,A-IRB,,trade,0.007127393510511416,0.21168016375648618,158185.66279579542,,residential_re,,0
EXP0314,retail_mortgage,A-IRB,,trade,0.01354175194832578,0.21649175200205678,128661.06854975058,,residential_re,,0
EXP0315,retail_mortgage,A-IRB,,agri,0.003635419553805774,0.028970576153772812,401646.6479705626,,residential_re,,0
EXP0316,retail_mortgage,A-IRB,,services,0.002533070443759757,0.10644776959877408,419853.26387929934,,residential_re,,0
EXP0317,retail_mortgage,A-IRB,,trade,0.007379296321251613,0.5032416444975994,126282.33832292963,,residential_re,,0
EXP0318,retail_mortgage,A-IRB,,manufacturing,0.0038031821957962403,0.17439842781516904,327553.31931518763,,residential_re,,0
EXP0319,retail_mortgage,A-IRB,,services,0.004114389660655481,0.2660712195035818,207388.1763160249,,residential_re,,0
EXP0320,retail_mortgage,A-IRB,,services,0.007441935919902297,0.0967483579903982,78238.51855472646,,residential_re,,0
EXP0321,retail_mortgage,A-IRB,,real_estate,0.004903345146066595,0.13148845824793753,377080.65267880587,,residential_re,,0
EXP0322,retail_mortgage,A-IRB,,trade,0.002074526235880256,0.2650515275022539,313067.20514258725,,residential_re,,0
EXP0323,retail_mortgage,A-IRB,,services,0.0035468839141666103,0.24549383585135004,214567.4245570488,,residential_re,,0
EXP0324,retail_mortgage,A-IRB,,services,0.013426379965549146,0.18586374554135193,272063.3589477492,,residential_re,,0
EXP0325,retail_mortgage,A-IRB,,agri,0.02072992529537811,0.4388017847888913,705868.1503899094,,residential_re,,0
EXP0326,retail_mortgage,A-IRB,,services,0.00930709040336508,0.03861845520399867,78810.69815020601,,residential_re,,0
EXP0327,retail_mortgage,A-IRB,,agri,0.009936683700523221,0.39838768406418634,251497.63301311375,,residential_re,,0
EXP0328,retail_mortgage,A-IRB,,services,0.010220870402884222,0.025884561696721365,75794.46427960097,,residential_re,,0
EXP0329,retail_mortgage,A-IRB,,agri,0.0031054625759145468,0.19997257191279472,182305.2125848171,,residential_re,,0
EXP0330,retail_mortgage,A-IRB,,real_estate,0.009325254601039347,0.25417418164905137,106646.80214716191,,residential_re,,0
EXP0331,retail_mortgage,A-IRB,,manufacturing,0.005656464642577344,0.13824502305213604,70998.03159036057,,residential_re,,0
EXP0332,retail_mortgage,A-IRB,,agri,0.016405899458320827,0.06120286524215768,396433.2057159365,,residential_re,,0
EXP0333,retail_mortgage,A-IRB,,agri,0.008599752526982078,0.28691020638946974,92427.32171432424,,residential_re,,0
EXP0334,retail_mortgage,A-IRB,,services,0.004673280482603666,0.06298752940881734,79787.72632024676,,residential_re,,0
EXP0335,retail_mortgage,A-IRB,,manufacturing,0.004020864978834437,0.29897299339280253,523241.43215517275,,residential_re,,0
EXP0336,retail_mortgage,A-IRB,,agri,0.007709403052127943,0.11665982020944668,100044.96374943071,,residential_re,,0
EXP0337,retail_mortgage,A-IRB,,agri,0.0015,0.3223287709478018,553115.7889477308,,residential_re,,0
EXP0338,retail_mortgage,A-IRB,,manufacturing,0.0034167570388698595,0.12014134250297283,276272.9645476481,,residential_re,,0
EXP0339,retail_mortgage,A-IRB,,trade,0.008624157321564407,0.21274940880994414,179605.19425377686,,residential_re,,0
EXP0340,retail_mortgage,A-IRB,,manufacturing,0.002102687625042322,0.313332049797155,81081.04564006065,,residential_re,,0
EXP0341,retail_mortgage,A-IRB,,trade,0.00385643009618562,0.05,295233.7103902513,,residential_re,,0
EXP0342,retail_mortgage,A-IRB,,trade,0.0052120417855433965,0.26276972077188404,224951.65877154024,,residential_re,,0
EXP0343,retail_mortgage,A-IRB,,agri,0.009348229419140345,0.09305155401811475,168361.03850468106,,residential_re,,0
EXP0344,retail_mortgage,A-IRB,,services,0.01395590201647129,0.16570742267950755,331587.9532090551,,residential_re,,0
EXP0345,retail_mortgage,A-IRB,,real_estate,0.009161759794064632,0.1968256688761469,227457.93576898173,,residential_re,,0
EXP0346,retail_mortgage,A-IRB,,agri,0.005437257399225656,0.12243736517834766,158913.68635021092,,residential_re,,0
EXP0347,retail_mortgage,A-IRB,,manufacturing,0.004689519777314483,0.32420498376591433,244030.20891904755,,residential_re,,0
EXP0348,retail_mortgage,A-IRB,,real_estate,0.01651326734815258,0.2119852035656036,284065.4896391467,,residential_re,,0
EXP0349,retail_mortgage,A-IRB,,manufacturing,0.005088735851293669,0.24477727702605742,123846.95049884505,,residential_re,,0
EXP0350,retail_mortgage,A-IRB,,real_estate,0.001917907142226921,0.19660627862563765,294332.94177291065,,residential_re,,0
EXP0351,retail_mortgage,A-IRB,,manufacturing,0.004755006458260443,0.41119943857367225,338361.2738936867,,residential_re,,0
EXP0352,retail_mortgage,A-IRB,,real_estate,0.002618222702483482,0.23247470705107115,250944.27641177215,,residential_re,,0
EXP0353,retail_mortgage,A-IRB,,agri,0.001817478764983626,0.1259980068056741,446907.2528482999,,residential_re,,0
EXP0354,retail_mortgage,A-IRB,,services,0.0015,0.03375993676812768,201574.37683262746,,residential_re,,0
EXP0355,retail_mortgage,A-IRB,,trade,0.0028548275836245466,0.17533080014125213,167065.8646901813,,residential_re,,0
EXP0356,retail_mortgage,A-IRB,,manufacturing,0.005208975188499032,0.3094896037636461,124820.10008422293,,residential_re,,0
EXP0357,retail_mortgage,A-IRB,,services,0.005261215353530929,0.07678905974057462,437841.5630898453,,residential_re,,0
EXP0358,retail_mortgage,A-IRB,,services,0.0033492917329212752,0.30011719231012257,361624.1737956267,,residential_re,,0
EXP0359,retail_mortgage,A-IRB,,services,0.003352753171775119,0.08974181451841773,280624.26511255535,,residential_re,,0
EXP0360,retail_mortgage,A-IRB,,manufacturing,0.00785996181157466,0.2862873755685384,650180.2964497925,,residential_re,,0
EXP0361,retail_mortgage,A-IRB,,services,0.010369434888612411,0.3423686217959834,166196.6909501581,,residential_re,,0
EXP0362,retail_mortgage,A-IRB,,manufacturing,0.01084477784598529,0.1477449098357409,231053.4240356199,,residential_re,,0
EXP0363,retail_mortgage,A-IRB,,real_estate,0.0025429358430234476,0.36619295007620856,45009.871001087595,,residential_re,,0
EXP0364,retail_mortgage,A-IRB,,manufacturing,0.005538675984451738,0.256949181842663,114428.83500477095,,residential_re,,0
EXP0365,retail_mortgage,A-IRB,,services,0.008950534705263353,0.14203788249238558,121279.22588440962,,residential_re,,0
EXP0366,retail_mortgage,A-IRB,,trade,0.003211075535233145,0.16900959722747005,832916.4238870821,,residential_re,,0
EXP0367,retail_mortgage,A-IRB,,trade,0.006291694828165018,0.057499999999999996,96623.64682770356,,residential_re,,0
EXP0368,retail_mortgage,A-IRB,,trade,0.006381791640743586,0.16110701916807088,146629.92502654626,,residential_re,,0
EXP0369,retail_mortgage,A-IRB,,agri,0.0032953225025186186,0.08081450410313427,118086.27668225765,,residential_re,,0
EXP0370,retail_mortgage,A-IRB,,agri,0.0029224573806506766,0.2151070039866014,262118.78056259593,,residential_re,,0
EXP0371,retail_mortgage,A-IRB,,real_estate,0.005377344712813416,0.17134791983724718,127007.23589607287,,residential_re,,0
EXP0372,retail_mortgage,A-IRB,,manufacturing,0.00401143088684637,0.14884304465651282,205888.7854489058,,residential_re,,0
EXP0373,retail_mortgage,A-IRB,,manufacturing,0.005344825586627732,0.0924850960833114,222390.77603789317,,residential_re,,0
EXP0374,retail_mortgage,A-IRB,,trade,0.009078775345916253,0.19854906984802634,81944.5131235247,,residential_re,,0
EXP0375,retail_mortgage,A-IRB,,trade,0.011914000170560476,0.2733218259822047,220811.30920023192,,residential_re,,0
EXP0376,retail_mortgage,A-IRB,,agri,0.005062572203725782,0.297458447719,64695.55163774293,,residential_re,,0
EXP0377,retail_mortgage,A-IRB,,services,0.002969488461344455,0.2793223484660278,88480.89289747589,,residential_re,,0
EXP0378,retail_mortgage,A-IRB,,manufacturing,0.007682495782764905,0.057499999999999996,40787.58248639707,,residential_re,,0
EXP0379,retail_mortgage,A-IRB,,manufacturing,0.010412649454756878,0.022358840179189883,89252.86283366352,,residential_re,,0
EXP0380,retail_mortgage,A-IRB,,real_estate,0.0032811812757009002,0.30378973417734717,112723.0439924253,,residential_re,,0
EXP0381,retail_mortgage,A-IRB,,agri,0.002521912961852816,0.28988293606667553,201397.3524368763,,residential_re,,0
EXP0382,retail_mortgage,A-IRB,,real_estate,0.026192156934133855,0.057499999999999996,333718.81208895135,,residential_re,,0
EXP0383,retail_mortgage,A-IRB,,services,0.005738510681659152,0.2556502202081461,152733.69464922187,,residential_re,,0
EXP0384,retail_mortgage,A-IRB,,real_estate,0.0063926417748548315,0.25664632134680093,69239.19169415164,,residential_re,,0
EXP0385,retail_mortgage,A-IRB,,agri,0.005126985834671698,0.18793336579894993,277115.13633198285,,residential_re,,0
EXP0386,retail_mortgage,A-IRB,,real_estate,0.0021821283045124805,0.23970165668265053,224729.3551056407,,residential_re,,0
EXP0387,retail_mortgage,A-IRB,,services,0.0161844831523899,0.25641540842376903,228745.27034332816,,residential_re,,0
EXP0388,retail_mortgage,A-IRB,,manufacturing,0.0034402463695103395,0.07460024127055524,272775.8175215666,,residential_re,,0
EXP0389,retail_mortgage,A-IRB,,trade,0.004525267005081474,0.14230696210314656,42702.18617566494,,residential_re,,0
EXP0390,retail_mortgage,A-IRB,,services,0.007894906208143829,0.08137438066521843,155712.72879768218,,residential_re,,0
EXP0391,retail_mortgage,A-IRB,,manufacturing,0.0036333010988773514,0.15053309673694548,184765.6270700495,,residential_re,,0
EXP0392,retail_mortgage,A-IRB,,manufacturing,0.0155206224770768,0.10432928475824157,379408.06918266445,,residential_re,,0
EXP0393,retail_mortgage,A-IRB,,trade,0.006044544835759285,0.057499999999999996,109718.96131253225,,residential_re,,0
EXP0394,retail_mortgage,A-IRB,,manufacturing,0.004507448946209578,0.1701060849176805,79736.10803907615,,residential_re,,0
EXP0395,retail_mortgage,A-IRB,,manufacturing,0.011080054486402379,0.10180480062409583,466859.6132117066,,residential_re,,0
EXP0396,retail_mortgage,A-IRB,,trade,0.0037056288079661483,0.2398029352066312,115356.91149012763,,residential_re,,0
EXP0397,retail_mortgage,A-IRB,,agri,0.013143796614982347,0.20567100372804273,271872.6272861439,,residential_re,,0
EXP0398,retail_mortgage,A-IRB,,real_estate,0.016991491809296398,0.04348848993711622,136036.48955145176,,residential_re,,0
EXP0399,retail_mortgage,A-IRB,,real_estate,0.007600783283205582,0.13622476099958453,131899.4952577122,,residential_re,,0
EXP0400,retail_mortgage,A-IRB,,manufacturing,0.005314474462126462,0.27065538634888003,181397.6787807927,,residential_re,,0
EXP0401,qrre,A-IRB,,services,0.02668802217433118,0.5839971151062645,4748.432902993261,,none,revolver,0
EXP0402,qrre,A-IRB,,manufacturing,0.03269763323578049,0.575,7657.991991001093,,none,revolver,0
EXP0403,qrre,A-IRB,,trade,0.024442614386334438,0.734283820185863,4782.299102801778,,none,transactor,0
EXP0404,qrre,A-IRB,,agri,0.0009482094036932886,0.6533835297904003,5310.217880717992,,none,revolver,0
EXP0405,qrre,A-IRB,,trade,0.090109709582977,0.6840246288963692,5188.716167920337,,none,transactor,0
EXP0406,qrre,A-IRB,,manufacturing,0.0006128907371787266,0.8039500802902684,3849.1863067821973,,none,revolver,0
EXP0407,qrre,A-IRB,,services,0.10038222684581499,0.575,6095.745198159812,,none,transactor,0
EXP0408,qrre,A-IRB,,trade,0.06546676993203404,0.6665356402238424,4093.540493388449,,none,revolver,0
EXP0409,qrre,A-IRB,,manufacturing,0.027417643483707274,0.6787701642724882,4569.509689752843,,none,revolver,0
EXP0410,qrre,A-IRB,,manufacturing,0.03366540760991481,0.575,15456.653340623412,,none,revolver,0
EXP0411,qrre,A-IRB,,real_estate,1.0,0.575,1269.071170585819,,none,transactor,1
EXP0412,qrre,A-IRB,,agri,0.030743806293433734,0.5927318446923098,21699.28100625803,,none,transactor,0
EXP0413,qrre,A-IRB,,trade,0.03177808649328613,0.920609384694749,6048.461702563591,,none,transactor,0
EXP0414,qrre,A-IRB,,trade,0.0471233300487765,0.7899967752490227,4481.9222696632105,,none,transactor,0
EXP0415,qrre,A-IRB,,agri,0.049321967327878365,0.7824975103227645,9028.606943070743,,none,revolver,0
EXP0416,qrre,A-IRB,,trade,0.05118480729372244,0.5887932021506365,3025.014898209853,,none,transactor,0
EXP0417,qrre,A-IRB,,agri,0.04058459661601036,0.6997606749987766,16998.707848090096,,none,transactor,0
EXP0418,qrre,A-IRB,,trade,0.08710331845570218,0.575,10777.78886056079,,none,revolver,0
EXP0419,qrre,A-IRB,,services,0.024651787869650332,0.575,17388.485729342585,,none,revolver,0
EXP0420,qrre,A-IRB,,services,0.0009127314624856445,0.7279630931915602,8769.768371975026,,none,revolver,0
EXP0421,qrre,A-IRB,,services,0.0008622432010163974,0.7013737247188926,5580.2406160426,,none,revolver,0
EXP0422,qrre,A-IRB,,agri,0.04007171629155367,0.6388421631582919,27571.21996616918,,none,revolver,0
EXP0423,qrre,A-IRB,,agri,0.028619769874487264,0.575,34303.868355897495,,none,revolver,0
EXP0424,qrre,A-IRB,,manufacturing,0.022574796047427046,0.5965366734873002,1286.1612064796388,,none,transactor,0
EXP0425,qrre,A-IRB,,trade,0.0008787405190793379,0.575,6868.725172887129,,none,revolver,0
EXP0426,qrre,A-IRB,,services,0.08979920716750707,0.6242062254299042,13961.307456976274,,none,transactor,0
EXP0427,qrre,A-IRB,,agri,0.04689248983236689,0.7352996682497476,6212.590152292821,,none,revolver,0
EXP0428,qrre,A-IRB,,real_estate,0.0008077111668656957,0.7841891158966282,2530.4535906480573,,none,revolver,0
EXP0429,qrre,A-IRB,,manufacturing,0.028560522662853298,0.7940534911447465,10579.396919529765,,none,revolver,0
EXP0430,qrre,A-IRB,,trade,0.027105612242771148,0.6195741382818971,3383.944021745253,,none,transactor,0
EXP0431,qrre,A-IRB,,real_estate,0.056309583542854404,0.575,3756.853598090469,,none,revolver,0
EXP0432,qrre,A-IRB,,services,0.012250190654598633,0.8186765466639933,2634.8163697725026,,none,revolver,0
EXP0433,qrre,A-IRB,,manufacturing,0.011331141028381399,0.7233108672146625,8517.623125508742,,none,transactor,0
EXP0434,qrre,A-IRB,,services,0.000612015253153776,0.575,5838.912204308906,,none,revolver,0
EXP0435,qrre,A-IRB,,agri,0.07595624365029842,0.6075366943301184,4159.325941091807,,none,transactor,0
EXP0436,qrre,A-IRB,,services,0.04718865807866498,0.6326220743694573,3365.4913266921935,,none,transactor,0
EXP0437,qrre,A-IRB,,real_estate,0.031321466758916956,0.8862336459822417,5630.566423247739,,none,transactor,0
EXP0438,qrre,A-IRB,,real_estate,0.041161468797536155,0.7621113125773511,6760.569258637426,,none,revolver,0
EXP0439,qrre,A-IRB,,real_estate,0.032064692016832555,0.8334976728817848,11391.158196854876,,none,transactor,0
EXP0440,qrre,A-IRB,,services,0.09216028933769721,0.6650029608236776,22150.680578297393,,none,transactor,0
EXP0441,qrre,A-IRB,,agri,0.2277492301311725,0.79806385937781,3388.9045123858446,,none,transactor,0
EXP0442,qrre,A-IRB,,services,0.0009481556742228043,0.8464395002508681,9343.121838077908,,none,revolver,0
EXP0443,qrre,A-IRB,,services,0.06071683194061071,0.634848217171646,5560.914490953816,,none,transactor,0
EXP0444,qrre,A-IRB,,real_estate,0.025356541892136236,0.575,3559.6759858752885,,none,transactor,0
EXP0445,qrre,A-IRB,,services,0.026378026877381812,0.8823099749178109,7662.1172751793165,,none,revolver,0
EXP0446,qrre,A-IRB,,agri,0.06133751467466714,0.575,18056.6947785391,,none,revolver,0
EXP0447,qrre,A-IRB,,services,0.04374148583331144,0.575,27577.6461057613,,none,transactor,0
EXP0448,qrre,A-IRB,,agri,0.01457590684271901,0.8490980612451335,2375.0011146686156,,none,transactor,0
EXP0449,qrre,A-IRB,,agri,0.09921916362553972,0.69187549798651,12408.55873174074,,none,revolver,0
EXP0450,qrre,A-IRB,,agri,0.04539740811344713,0.575,7455.43576934548,,none,transactor,0
EXP0451,other_retail,A-IRB,,manufacturing,0.03711351453374426,0.3761330198400842,23302.218343740413,,none,,0
EXP0452,other_retail,A-IRB,,trade,0.04625556190423055,0.43220885461746505,2713.523758807717,,none,,0
EXP0453,other_retail,A-IRB,,real_estate,0.03331231990597834,0.4126812619922837,23026.20746248892,,none,,0
EXP0454,other_retail,A-IRB,,trade,0.02995237658272122,0.345,11899.437563663721,,none,,0
EXP0455,other_retail,A-IRB,,agri,0.04946883561597922,0.345,12274.52281964178,,none,,0
EXP0456,other_retail,A-IRB,,manufacturing,0.03890293217021508,0.4488219037743073,27582.451782875818,,none,,0
EXP0457,other_retail,A-IRB,,agri,0.024258420873045874,0.5471964680610484,14399.588999197562,,none,,0
EXP0458,other_retail,A-IRB,,real_estate,0.06790904631843547,0.345,8302.51302023771,,none,,0
EXP0459,other_retail,A-IRB,,trade,0.014867881113950177,0.6195040643609101,6911.190219696956,,none,,0
EXP0460,other_retail,A-IRB,,services,0.023434163041443398,0.5011339726224934,8697.77849862859,,none,,0
EXP0461,other_retail,A-IRB,,real_estate,0.05074188766461133,0.3809702815227983,9270.33713197599,,none,,0
EXP0462,other_retail,A-IRB,,real_estate,0.01475139657507223,0.4997066450314482,6796.482932704066,,none,,0
EXP0463,other_retail,A-IRB,,agri,0.04707219206721208,0.45401729474005675,16402.111825544518,,none,,0
EXP0464,other_retail,A-IRB,,trade,0.018240045281392774,0.345,16025.66076362611,,none,,0
EXP0465,other_retail,A-IRB,,services,0.03643337145742763,0.7258484784823765,32204.85379257429,,none,,0
EXP0466,other_retail,A-IRB,,agri,0.01799820325178765,0.345,14060.818945622645,,none,,0
EXP0467,other_retail,A-IRB,,agri,0.032507592567221966,0.345,14943.735872951178,,none,,0
EXP0468,other_retail,A-IRB,,services,0.10391687618353128,0.4443778148516145,18135.40978431142,,none,,0
EXP0469,other_retail,A-IRB,,real_estate,0.020255865926927547,0.3603379368970056,33232.696638597336,,none,,0
EXP0470,other_retail,A-IRB,,manufacturing,0.051389974094812434,0.3475022685017891,18654.372568942934,,none,,0
EXP0471,other_retail,A-IRB,,services,0.024994335463893638,0.594199930926878,11211.473983906964,,none,,0
EXP0472,other_retail,A-IRB,,trade,0.055916377876197375,0.3697970615268876,7388.575044602477,,none,,0
EXP0473,other_retail,A-IRB,,real_estate,0.017036469425563694,0.5646285879325209,8773.034058033458,,none,,0
EXP0474,other_retail,A-IRB,,real_estate,0.0377691337737556,0.40808519081554123,4143.118271568074,,none,,0
EXP0475,other_retail,A-IRB,,real_estate,0.05662918287086819,0.4498710703172272,49106.69775752745,,none,,0
EXP0476,other_retail,A-IRB,,manufacturing,0.011346407791783345,0.345,7337.319306644943,,none,,0
EXP0477,other_retail,A-IRB,,real_estate,0.04512770316799283,0.345,35127.46572734734,,none,,0
EXP0478,other_retail,A-IRB,,real_estate,0.051540018791061806,0.4716936087414472,37428.05299919269,,none,,0
EXP0479,other_retail,A-IRB,,manufacturing,0.03561035414158652,0.6100721158546364,2738.338325356772,,none,,0
EXP0480,other_retail,A-IRB,,agri,0.05331116257298172,0.5338068134315976,5395.873164301962,,none,,0
EXP0481,other_retail,A-IRB,,agri,0.04763199960179041,0.4950381600878722,63895.957727336914,,none,,0
EXP0482,other_retail,A-IRB,,agri,0.0177777690304353,0.5860352269911298,14880.76239755089,,none,,0
EXP0483,other_retail,A-IRB,,trade,0.017868858429573586,0.345,14742.139049316595,,none,,0
EXP0484,other_retail,A-IRB,,manufacturing,0.05697695166484792,0.37783099925111735,17286.832205188868,,none,,0
EXP0485,other_retail,A-IRB,,real_estate,0.017154883000419775,0.345,46698.80690568951,,none,,0
EXP0486,other_retail,A-IRB,,services,0.040846746571154134,0.5036032925393534,25147.403154980853,,none,,0
EXP0487,other_retail,A-IRB,,trade,0.02715340666441059,0.5807963196193252,7755.044511394191,,none,,0
EXP0488,other_retail,A-IRB,,real_estate,0.022919960216440195,0.4849355288568336,15860.395285655424,,none,,0
EXP0489,other_retail,A-IRB,,services,0.014424053171928589,0.417987159545217,11855.401913804302,,none,,0
EXP0490,other_retail,A-IRB,,manufacturing,0.02499771764978025,0.7722053726908226,2617.1935000397793,,none,,0
EXP0491,other_retail,A-IRB,,real_estate,0.048633814995398685,0.4961274805036197,14422.379679878224,,none,,0
EXP0492,other_retail,A-IRB,,trade,0.0411210500713261,0.5984923078641109,10784.93632191722,,none,,0
EXP0493,other_retail,A-IRB,,trade,0.05466204011997109,0.345,18958.7502454148,,none,,0
EXP0494,other_retail,A-IRB,,manufacturing,0.04474166682237044,0.345,31210.53389223608,,none,,0
EXP0495,other_retail,A-IRB,,services,0.06924908588744925,0.4755987076666128,9476.67915789802,,none,,0
EXP0496,other_retail,A-IRB,,agri,0.02918699432110125,0.345,31189.336943321297,,none,,0
EXP0497,other_retail,A-IRB,,trade,0.02312347225527096,0.5061871757398545,16025.621128279137,,none,,0
EXP0498,other_retail,A-IRB,,trade,0.04296642403321391,0.6043866475200556,27039.49452793961,,none,,0
EXP0499,other_retail,A-IRB,,real_estate,0.07097876798478489,0.49252298881615725,18908.899363372875,,none,,0
EXP0500,other_retail,A-IRB,,manufacturing,0.024137201721275647,0.6377451565739092,11930.747736906564,,none,,0
